day,time,event,parcel,size
D1,08:00,DEPOSIT,P01,S
D1,08:05,DEPOSIT,P02,M
D1,08:10,DEPOSIT,P03,S
D1,08:15,DEPOSIT,P04,L
D1,08:20,DEPOSIT,P05,S
D1,08:25,DEPOSIT,P06,S
D1,08:30,DEPOSIT,P07,M
D1,08:35,DEPOSIT,P08,L
D1,08:40,DEPOSIT,P09,S
D1,08:45,DEPOSIT,P03,S
D1,09:30,PICKUP,P02,
D1,10:00,PICKUP,P01,
D1,11:00,DEPOSIT,P10,S
D1,12:00,PICKUP,P07,
D1,17:00,PICKUP,P05,
D1,18:00,DEPOSIT,P11,M
D1,19:00,PICKUP,P03,
D2,08:00,PICKUP,P06,
D2,09:00,DEPOSIT,P12,S
D2,12:00,PICKUP,P99,
D2,14:00,PICKUP,P10,
D2,20:00,DEPOSIT,P13,M
D2,20:00,DEPOSIT,P15,S
D3,09:00,PICKUP,P04,
D3,10:00,DEPOSIT,P14,S
D3,19:00,DEPOSIT,P16,L
D3,19:05,DEPOSIT,P17,L
D3,20:00,CLOSE,,
